{"cameraMode":{"drawMode":0,"name":"Shaded","section":"Shading Mode"},"sceneLighting":false,"audioPlay":false,"sceneViewState":{"m_AlwaysRefresh":false,"showFog":true,"showSkybox":false,"showFlares":true,"showImageEffects":true,"showParticleSystems":true,"showVisualEffectGraphs":true,"m_FxEnabled":true},"in2DMode":false,"pivot":{"x":-0.28252410888671877,"y":1.1742790937423707,"z":-0.3301358222961426},"rotation":{"x":0.003699009772390127,"y":0.9178346991539002,"z":-0.008542513474822045,"w":0.3970588147640228},"size":3.1300265789031984,"orthographic":false}