{"cameraMode":{"drawMode":0,"name":"Shaded","section":"Shading Mode"},"sceneLighting":false,"audioPlay":false,"sceneViewState":{"m_AlwaysRefresh":false,"showFog":true,"showSkybox":false,"showFlares":true,"showImageEffects":true,"showParticleSystems":true,"showVisualEffectGraphs":true,"m_FxEnabled":true},"in2DMode":false,"pivot":{"x":4.8656697273254398,"y":0.9246969819068909,"z":-64.7782211303711},"rotation":{"x":-0.0005051218322478235,"y":0.9992763996124268,"z":-0.03629875183105469,"w":-0.013192261569201947},"size":0.7735645174980164,"orthographic":false}