{"cameraMode":{"drawMode":0,"name":"Shaded","section":"Shading Mode"},"sceneLighting":true,"audioPlay":false,"sceneViewState":{"m_AlwaysRefresh":false,"showFog":true,"showSkybox":true,"showFlares":true,"showImageEffects":true,"showParticleSystems":true,"showVisualEffectGraphs":true,"m_FxEnabled":true},"in2DMode":false,"pivot":{"x":49.657772064208987,"y":23.790164947509767,"z":-53.03196716308594},"rotation":{"x":0.22428789734840394,"y":0.04033887758851051,"z":-0.00930511113256216,"w":0.9736514091491699},"size":51.816429138183597,"orthographic":false}