{"cameraMode":{"drawMode":0,"name":"Shaded","section":"Shading Mode"},"sceneLighting":true,"audioPlay":false,"sceneViewState":{"m_AlwaysRefresh":false,"showFog":true,"showSkybox":true,"showFlares":true,"showImageEffects":true,"showParticleSystems":true,"showVisualEffectGraphs":true,"m_FxEnabled":true},"in2DMode":false,"pivot":{"x":6.050154685974121,"y":3.8209431171417238,"z":-45.066131591796878},"rotation":{"x":0.017536217346787454,"y":-0.9499019980430603,"z":0.05420306697487831,"w":0.30731746554374697},"size":1.6695284843444825,"orthographic":false}