{"cameraMode":{"drawMode":0,"name":"Shaded","section":"Shading Mode"},"sceneLighting":true,"audioPlay":false,"sceneViewState":{"m_AlwaysRefresh":false,"showFog":true,"showSkybox":true,"showFlares":true,"showImageEffects":true,"showParticleSystems":true,"showVisualEffectGraphs":true,"m_FxEnabled":true},"in2DMode":false,"pivot":{"x":25.652706146240236,"y":-1.3573846817016602,"z":-48.41288375854492},"rotation":{"x":0.18363447487354279,"y":-0.7576521635055542,"z":0.24060982465744019,"w":0.5782424211502075},"size":10.265048027038575,"orthographic":false}