{"cameraMode":{"drawMode":0,"name":"Shaded","section":"Shading Mode"},"sceneLighting":true,"audioPlay":false,"sceneViewState":{"m_AlwaysRefresh":false,"showFog":true,"showSkybox":true,"showFlares":true,"showImageEffects":true,"showParticleSystems":true,"showVisualEffectGraphs":true,"m_FxEnabled":true},"in2DMode":false,"pivot":{"x":73.52531433105469,"y":-36.268829345703128,"z":-6.945407867431641},"rotation":{"x":-0.5845447778701782,"y":0.001700076973065734,"z":-0.0012252585729584098,"w":-0.8113745450973511},"size":94.71253967285156,"orthographic":false}