{"cameraMode":{"drawMode":0,"name":"Shaded","section":"Shading Mode"},"sceneLighting":true,"audioPlay":false,"sceneViewState":{"m_AlwaysRefresh":false,"showFog":true,"showSkybox":true,"showFlares":true,"showImageEffects":true,"showParticleSystems":true,"showVisualEffectGraphs":true,"m_FxEnabled":true},"in2DMode":false,"pivot":{"x":11.882943153381348,"y":-23.214431762695314,"z":-12.322380065917969},"rotation":{"x":0.22912171483039857,"y":-0.026020770892500879,"z":0.006088470574468374,"w":0.9730760455131531},"size":45.530029296875,"orthographic":false}