{"cameraMode":{"drawMode":0,"name":"Shaded","section":"Shading Mode"},"sceneLighting":true,"audioPlay":false,"sceneViewState":{"m_AlwaysRefresh":false,"showFog":true,"showSkybox":true,"showFlares":true,"showImageEffects":true,"showParticleSystems":true,"showVisualEffectGraphs":true,"m_FxEnabled":true},"in2DMode":false,"pivot":{"x":11.375146865844727,"y":-3.6090383529663088,"z":-36.43819808959961},"rotation":{"x":0.31715989112854006,"y":-0.06361445784568787,"z":0.021309781819581987,"w":0.945996105670929},"size":12.32166862487793,"orthographic":false}