{"cameraMode":{"drawMode":0,"name":"Shaded","section":"Shading Mode"},"sceneLighting":true,"audioPlay":false,"sceneViewState":{"m_AlwaysRefresh":false,"showFog":true,"showSkybox":true,"showFlares":true,"showImageEffects":true,"showParticleSystems":true,"showVisualEffectGraphs":true,"m_FxEnabled":true},"in2DMode":false,"pivot":{"x":29.74082374572754,"y":-0.17023754119873048,"z":-42.668148040771487},"rotation":{"x":-0.12445016205310822,"y":-0.026198633015155793,"z":0.003347269259393215,"w":-0.9919588565826416},"size":7.988783359527588,"orthographic":false}