{"cameraMode":{"drawMode":0,"name":"Shaded","section":"Shading Mode"},"sceneLighting":false,"audioPlay":false,"sceneViewState":{"m_AlwaysRefresh":false,"showFog":true,"showSkybox":false,"showFlares":true,"showImageEffects":true,"showParticleSystems":true,"showVisualEffectGraphs":true,"m_FxEnabled":true},"in2DMode":false,"pivot":{"x":-0.1592397689819336,"y":1.562611699104309,"z":-0.21199750900268556},"rotation":{"x":0.003699009772390127,"y":0.9178346991539002,"z":-0.008542513474822045,"w":0.3970588147640228},"size":2.700017213821411,"orthographic":false}